iso2,iso3,name,region,currency,aliases
AD,AND,Andorra,Europe,EUR,
AE,ARE,United Arab Emirates,Middle East,AED,u.a.e.|uae
AF,AFG,Afghanistan,Asia,AFN,
AG,ATG,Antigua and Barbuda,Latin America,XCD,
AI,AIA,Anguilla,Latin America,XCD,
AL,ALB,Albania,Europe,ALL,
AM,ARM,Armenia,Asia,AMD,
AN,ANT,Netherlands Antilles,Latin America,ANG,
AO,AGO,Angola,Africa,AOA,
AQ,ATA,Antarctica,Antarctica,,
AR,ARG,Argentina,Latin America,ARS,
AS,ASM,American Samoa,Oceania,USD,
AT,AUT,Austria,Europe,EUR,
AU,AUS,Australia,Oceania,AUD,
AW,ABW,Aruba,Latin America,AWG,
AX,ALA,Aland Islands,Europe,EUR,
AZ,AZE,Azerbaijan,Asia,AZN,
BA,BIH,Bosnia and Herzegovina,Europe,BAM,
BB,BRB,Barbados,Latin America,BBD,
BD,BGD,Bangladesh,Asia,BDT,
BE,BEL,Belgium,Europe,EUR,
BF,BFA,Burkina Faso,Africa,XOF,
BG,BGR,Bulgaria,Europe,BGN,
BH,BHR,Bahrain,Middle East,BHD,
BI,BDI,Burundi,Africa,BIF,
BJ,BEN,Benin,Africa,XOF,
BL,BLM,Saint Barthelemy,Latin America,EUR,
BM,BMU,Bermuda,North America,BMD,
BN,BRN,Brunei,Asia,BND,
BO,BOL,Bolivia,Latin America,BOB,bolivia
BQ,BES,"Bonaire, Saint Eustatius and Saba ",Latin America,USD,
BR,BRA,Brazil,Latin America,BRL,
BS,BHS,Bahamas,Latin America,BSD,
BT,BTN,Bhutan,Asia,BTN,
BV,BVT,Bouvet Island,Antarctica,NOK,
BW,BWA,Botswana,Africa,BWP,
BY,BLR,Belarus,Europe,BYN,
BZ,BLZ,Belize,Latin America,BZD,
CA,CAN,Canada,North America,CAD,
CC,CCK,Cocos Islands,Asia,AUD,
CD,COD,Democratic Republic of the Congo,Africa,CDF,democratic republic of the congo|dr congo|drc
CF,CAF,Central African Republic,Africa,XAF,
CG,COG,Republic of the Congo,Africa,XAF,
CH,CHE,Switzerland,Europe,CHF,
CI,CIV,Ivory Coast,Africa,XOF,cote d'ivoire|côte d'ivoire|ivory coast
CK,COK,Cook Islands,Oceania,NZD,
CL,CHL,Chile,Latin America,CLP,
CM,CMR,Cameroon,Africa,XAF,
CN,CHN,China,Asia,CNY,mainland china|people's republic of china|prc
CO,COL,Colombia,Latin America,COP,
CR,CRI,Costa Rica,Latin America,CRC,
CS,SCG,Serbia and Montenegro,Europe,RSD,
CU,CUB,Cuba,Latin America,CUP,
CV,CPV,Cabo Verde,Africa,CVE,
CW,CUW,Curacao,Latin America,XCG,
CX,CXR,Christmas Island,Oceania,AUD,
CY,CYP,Cyprus,Middle East,EUR,
CZ,CZE,Czechia,Europe,CZK,czech republic|czechia
DE,DEU,Germany,Europe,EUR,
DJ,DJI,Djibouti,Africa,DJF,
DK,DNK,Denmark,Europe,DKK,
DM,DMA,Dominica,Latin America,XCD,
DO,DOM,Dominican Republic,Latin America,DOP,
DZ,DZA,Algeria,Africa,DZD,
EC,ECU,Ecuador,Latin America,USD,
EE,EST,Estonia,Europe,EUR,
EG,EGY,Egypt,Africa,EGP,
EH,ESH,Western Sahara,Africa,MAD,
ER,ERI,Eritrea,Africa,ERN,
ES,ESP,Spain,Europe,EUR,
ET,ETH,Ethiopia,Africa,ETB,
FI,FIN,Finland,Europe,EUR,
FJ,FJI,Fiji,Oceania,FJD,
FK,FLK,Falkland Islands,Latin America,FKP,
FM,FSM,Micronesia,Oceania,USD,
FO,FRO,Faroe Islands,Europe,DKK,
FR,FRA,France,Europe,EUR,
GA,GAB,Gabon,Africa,XAF,
GB,GBR,United Kingdom,Europe,GBP,britain|england|gb|great britain|northern ireland|scotland|u.k.|uk|wales
GD,GRD,Grenada,Latin America,XCD,
GE,GEO,Georgia,Asia,GEL,
GF,GUF,French Guiana,Latin America,EUR,
GG,GGY,Guernsey,Europe,GBP,
GH,GHA,Ghana,Africa,GHS,
GI,GIB,Gibraltar,Europe,GIP,
GL,GRL,Greenland,North America,DKK,
GM,GMB,Gambia,Africa,GMD,
GN,GIN,Guinea,Africa,GNF,
GP,GLP,Guadeloupe,Latin America,EUR,
GQ,GNQ,Equatorial Guinea,Africa,XAF,
GR,GRC,Greece,Europe,EUR,
GS,SGS,South Georgia and the South Sandwich Islands,Antarctica,GBP,
GT,GTM,Guatemala,Latin America,GTQ,
GU,GUM,Guam,Oceania,USD,
GW,GNB,Guinea-Bissau,Africa,XOF,
GY,GUY,Guyana,Latin America,GYD,
HK,HKG,Hong Kong,Asia,HKD,hong kong s.a.r.|hong kong sar
HM,HMD,Heard Island and McDonald Islands,Antarctica,AUD,
HN,HND,Honduras,Latin America,HNL,
HR,HRV,Croatia,Europe,EUR,
HT,HTI,Haiti,Latin America,HTG,
HU,HUN,Hungary,Europe,HUF,
ID,IDN,Indonesia,Asia,IDR,
IE,IRL,Ireland,Europe,EUR,
IL,ISR,Israel,Middle East,ILS,
IM,IMN,Isle of Man,Europe,GBP,
IN,IND,India,Asia,INR,
IO,IOT,British Indian Ocean Territory,Asia,USD,
IQ,IRQ,Iraq,Middle East,IQD,
IR,IRN,Iran,Middle East,IRR,"iran, islamic republic of"
IS,ISL,Iceland,Europe,ISK,
IT,ITA,Italy,Europe,EUR,
JE,JEY,Jersey,Europe,GBP,
JM,JAM,Jamaica,Latin America,JMD,
JO,JOR,Jordan,Middle East,JOD,
JP,JPN,Japan,Asia,JPY,
KE,KEN,Kenya,Africa,KES,
KG,KGZ,Kyrgyzstan,Asia,KGS,
KH,KHM,Cambodia,Asia,KHR,
KI,KIR,Kiribati,Oceania,AUD,
KM,COM,Comoros,Africa,KMF,
KN,KNA,Saint Kitts and Nevis,Latin America,XCD,
KP,PRK,North Korea,Asia,KPW,north korea
KR,KOR,South Korea,Asia,KRW,korea|republic of korea|south korea
KW,KWT,Kuwait,Middle East,KWD,
KY,CYM,Cayman Islands,Latin America,KYD,
KZ,KAZ,Kazakhstan,Asia,KZT,
LA,LAO,Laos,Asia,LAK,laos
LB,LBN,Lebanon,Middle East,LBP,
LC,LCA,Saint Lucia,Latin America,XCD,
LI,LIE,Liechtenstein,Europe,CHF,
LK,LKA,Sri Lanka,Asia,LKR,
LR,LBR,Liberia,Africa,LRD,
LS,LSO,Lesotho,Africa,LSL,
LT,LTU,Lithuania,Europe,EUR,
LU,LUX,Luxembourg,Europe,EUR,
LV,LVA,Latvia,Europe,EUR,
LY,LBY,Libya,Africa,LYD,
MA,MAR,Morocco,Africa,MAD,
MC,MCO,Monaco,Europe,EUR,
MD,MDA,Moldova,Europe,MDL,moldova
ME,MNE,Montenegro,Europe,EUR,
MF,MAF,Saint Martin,Latin America,EUR,
MG,MDG,Madagascar,Africa,MGA,
MH,MHL,Marshall Islands,Oceania,USD,
MK,MKD,North Macedonia,Europe,MKD,macedonia|north macedonia
ML,MLI,Mali,Africa,XOF,
MM,MMR,Myanmar,Asia,MMK,burma
MN,MNG,Mongolia,Asia,MNT,
MO,MAC,Macao,Asia,MOP,
MP,MNP,Northern Mariana Islands,Oceania,USD,
MQ,MTQ,Martinique,Latin America,EUR,
MR,MRT,Mauritania,Africa,MRU,
MS,MSR,Montserrat,Latin America,XCD,
MT,MLT,Malta,Europe,EUR,
MU,MUS,Mauritius,Africa,MUR,
MV,MDV,Maldives,Asia,MVR,
MW,MWI,Malawi,Africa,MWK,
MX,MEX,Mexico,Latin America,MXN,
MY,MYS,Malaysia,Asia,MYR,
MZ,MOZ,Mozambique,Africa,MZN,
NA,NAM,Namibia,Africa,NAD,
NC,NCL,New Caledonia,Oceania,XPF,
NE,NER,Niger,Africa,XOF,
NF,NFK,Norfolk Island,Oceania,AUD,
NG,NGA,Nigeria,Africa,NGN,
NI,NIC,Nicaragua,Latin America,NIO,
NL,NLD,The Netherlands,Europe,EUR,holland|the netherlands
NO,NOR,Norway,Europe,NOK,
NP,NPL,Nepal,Asia,NPR,
NR,NRU,Nauru,Oceania,AUD,
NU,NIU,Niue,Oceania,NZD,
NZ,NZL,New Zealand,Oceania,NZD,
OM,OMN,Oman,Middle East,OMR,
PA,PAN,Panama,Latin America,PAB,
PE,PER,Peru,Latin America,PEN,
PF,PYF,French Polynesia,Oceania,XPF,
PG,PNG,Papua New Guinea,Oceania,PGK,
PH,PHL,Philippines,Asia,PHP,
PK,PAK,Pakistan,Asia,PKR,
PL,POL,Poland,Europe,PLN,
PM,SPM,Saint Pierre and Miquelon,North America,EUR,
PN,PCN,Pitcairn,Oceania,NZD,
PR,PRI,Puerto Rico,Latin America,USD,
PS,PSE,Palestinian Territory,Middle East,ILS,palestine
PT,PRT,Portugal,Europe,EUR,
PW,PLW,Palau,Oceania,USD,
PY,PRY,Paraguay,Latin America,PYG,
QA,QAT,Qatar,Middle East,QAR,
RE,REU,Reunion,Africa,EUR,
RO,ROU,Romania,Europe,RON,
RS,SRB,Serbia,Europe,RSD,
RU,RUS,Russia,Europe,RUB,russian federation
RW,RWA,Rwanda,Africa,RWF,
SA,SAU,Saudi Arabia,Middle East,SAR,
SB,SLB,Solomon Islands,Oceania,SBD,
SC,SYC,Seychelles,Africa,SCR,
SD,SDN,Sudan,Africa,SDG,
SE,SWE,Sweden,Europe,SEK,
SG,SGP,Singapore,Asia,SGD,
SH,SHN,Saint Helena,Africa,SHP,
SI,SVN,Slovenia,Europe,EUR,
SJ,SJM,Svalbard and Jan Mayen,Europe,NOK,
SK,SVK,Slovakia,Europe,EUR,
SL,SLE,Sierra Leone,Africa,SLE,
SM,SMR,San Marino,Europe,EUR,
SN,SEN,Senegal,Africa,XOF,
SO,SOM,Somalia,Africa,SOS,
SR,SUR,Suriname,Latin America,SRD,
SS,SSD,South Sudan,Africa,SSP,
ST,STP,Sao Tome and Principe,Africa,STN,
SV,SLV,El Salvador,Latin America,USD,
SX,SXM,Sint Maarten,Latin America,XCG,
SY,SYR,Syria,Middle East,SYP,syria
SZ,SWZ,Eswatini,Africa,SZL,eswatini|swaziland
TC,TCA,Turks and Caicos Islands,Latin America,USD,
TD,TCD,Chad,Africa,XAF,
TF,ATF,French Southern Territories,Antarctica,EUR,
TG,TGO,Togo,Africa,XOF,
TH,THA,Thailand,Asia,THB,
TJ,TJK,Tajikistan,Asia,TJS,
TK,TKL,Tokelau,Oceania,NZD,
TL,TLS,Timor Leste,Oceania,USD,
TM,TKM,Turkmenistan,Asia,TMT,
TN,TUN,Tunisia,Africa,TND,
TO,TON,Tonga,Oceania,TOP,
TR,TUR,Turkey,Middle East,TRY,turkiye|türkiye
TT,TTO,Trinidad and Tobago,Latin America,TTD,
TV,TUV,Tuvalu,Oceania,AUD,
TW,TWN,Taiwan,Asia,TWD,"taiwan, province of china"
TZ,TZA,Tanzania,Africa,TZS,tanzania
UA,UKR,Ukraine,Europe,UAH,
UG,UGA,Uganda,Africa,UGX,
UM,UMI,United States Minor Outlying Islands,Oceania,USD,
US,USA,United States,North America,USD,america|u.s.|u.s.a.|united states of america|us|usa
UY,URY,Uruguay,Latin America,UYU,
UZ,UZB,Uzbekistan,Asia,UZS,
VA,VAT,Vatican,Europe,EUR,
VC,VCT,Saint Vincent and the Grenadines,Latin America,XCD,
VE,VEN,Venezuela,Latin America,VES,venezuela
VG,VGB,British Virgin Islands,Latin America,USD,
VI,VIR,U.S. Virgin Islands,Latin America,USD,
VN,VNM,Vietnam,Asia,VND,viet nam
VU,VUT,Vanuatu,Oceania,VUV,
WF,WLF,Wallis and Futuna,Oceania,XPF,
WS,WSM,Samoa,Oceania,WST,
XK,XKX,Kosovo,Europe,EUR,
YE,YEM,Yemen,Middle East,YER,
YT,MYT,Mayotte,Africa,EUR,
ZA,ZAF,South Africa,Africa,ZAR,
ZM,ZMB,Zambia,Africa,ZMW,
ZW,ZWE,Zimbabwe,Africa,ZWG,
